id,time,activity
10847,3600,108
10847,7200,107
10847,10800,589
10847,14400,460
10847,18000,87
10847,21600,439
10847,25200,117
10847,28800,192
10847,32400,933
10847,36000,90
10847,39600,190
10847,43200,459
10847,46800,388
10847,50400,367
10847,54000,4
10847,57600,62
10847,61200,1322
10847,64800,1446
10847,68400,145
10847,72000,80
10847,75600,111
10847,79200,19
10847,82800,129
10847,86400,7
10847,90000,33
10847,93600,41
10847,97200,1220
10847,100800,666
10847,104400,70
10847,108000,557
10847,111600,179
10847,115200,156
10847,118800,37
10847,122400,1032
10847,126000,216
10847,129600,643
10847,133200,577
10847,136800,365
10847,140400,171
10847,144000,120
10847,147600,4
10847,151200,256
10847,154800,0
10847,158400,4
10847,162000,44
10847,165600,2
10847,169200,100
10847,172800,552
10847,176400,29
10847,180000,95
10847,183600,1355
10847,187200,615
10847,190800,108
10847,194400,706
10847,198000,510
10847,201600,26
10847,205200,375
10847,208800,1445
10847,212400,309
10847,216000,1469
10847,219600,500
10847,223200,783
10847,226800,209
10847,230400,135
10847,234000,19
10847,237600,167
10847,241200,56
10847,244800,109
10847,248400,22
10847,252000,82
10847,255600,73
10847,259200,134
10847,262800,43
10847,266400,94
10847,270000,724
10847,273600,338
10847,277200,413
10847,280800,98
10847,284400,469
10847,288000,36
10847,291600,26
10847,295200,636
10847,298800,72
10847,302400,650
10847,306000,88
10847,309600,1112
10847,313200,4
10847,316800,15
10847,320400,337
10847,324000,11
10847,327600,478
10847,331200,2101
10847,334800,178
10847,338400,61
10847,342000,112
10847,345600,58
10847,349200,47
10847,352800,262
10847,356400,492
10847,360000,907
10847,363600,64
10847,367200,863
10847,370800,300
10847,374400,53
10847,378000,460
10847,381600,333
10847,385200,594
10847,388800,337
10847,392400,306
10847,396000,529
10847,399600,739
10847,403200,45
10847,406800,334
10847,410400,67
10847,414000,109
10847,417600,65
10847,421200,6
10847,424800,118
10847,428400,29
10847,432000,489
10847,435600,186
10847,439200,73
10847,442800,791
10847,446400,852
10847,450000,115
10847,453600,440
10847,457200,816
10847,460800,113
10847,464400,1469
10847,468000,144
10847,471600,340
10847,475200,902
10847,478800,270
10847,482400,358
10847,486000,33
10847,489600,459
10847,493200,401
10847,496800,76
10847,500400,103
10847,504000,26
10847,507600,0
10847,511200,44
10847,514800,98
10847,518400,48
10847,522000,14
10847,525600,179
10847,529200,547
10847,532800,691
10847,536400,61
10847,540000,98
10847,543600,1289
10847,547200,27
10847,550800,114
10847,554400,510
10847,558000,522
10847,561600,1010
10847,565200,231
10847,568800,89
10847,572400,300
10847,576000,113
10847,579600,52
10847,583200,52
10847,586800,364
10847,590400,1
10847,594000,23
10847,597600,79
10847,601200,17
10847,604800,42
10847,608400,103
10847,612000,95
10847,615600,684
10847,619200,60
10847,622800,632
10847,626400,290
10847,630000,50
10847,633600,429
10847,637200,511
10847,640800,4
10847,644400,331
10847,648000,75
10847,651600,1157
10847,655200,49
10847,658800,119
10847,662400,36
10847,666000,193
10847,669600,48
10847,673200,17
10847,676800,27
10847,680400,23
10847,684000,43
10847,687600,58
10847,691200,11
10847,694800,59
10847,698400,894
10847,702000,414
10847,705600,53
10847,709200,267
10847,712800,649
10847,716400,413
10847,720000,867
10847,723600,61
10847,727200,2
10847,730800,278
10847,734400,420
10847,738000,788
10847,741600,462
10847,745200,876
10847,748800,102
10847,752400,94
10847,756000,0
10847,759600,279
10847,763200,22
10847,766800,52
10847,770400,38
10847,774000,92
10847,777600,97
10847,781200,438
10847,784800,243
10847,788400,711
10847,792000,91
10847,795600,436
10847,799200,461
10847,802800,421
10847,806400,371
10847,810000,25
10847,813600,401
10847,817200,732
10847,820800,61
10847,824400,730
10847,828000,479
10847,831600,86
10847,835200,102
10847,838800,51
10847,842400,0
10847,846000,6
10847,849600,44
10847,853200,22
10847,856800,87
10847,860400,5
10847,864000,101
10848,3600,0
10848,7200,484
10848,10800,372
10848,14400,120
10848,18000,51
10848,21600,680
10848,25200,167
10848,28800,251
10848,32400,143
10848,36000,624
10848,39600,126
10848,43200,31
10848,46800,324
10848,50400,939
10848,54000,107
10848,57600,12
10848,61200,485
10848,64800,1585
10848,68400,559
10848,72000,163
10848,75600,0
10848,79200,9
10848,82800,94
10848,86400,0
10848,90000,55
10848,93600,154
10848,97200,1
10848,100800,84
10848,104400,531
10848,108000,157
10848,111600,40
10848,115200,397
10848,118800,449
10848,122400,80
10848,126000,126
10848,129600,10
10848,133200,511
10848,136800,1018
10848,140400,546
10848,144000,8
10848,147600,456
10848,151200,170
10848,154800,103
10848,158400,1
10848,162000,37
10848,165600,29
10848,169200,15
10848,172800,336
10848,176400,0
10848,180000,126
10848,183600,31
10848,187200,96
10848,190800,74
10848,194400,812
10848,198000,112
10848,201600,238
10848,205200,464
10848,208800,279
10848,212400,487
10848,216000,61
10848,219600,524
10848,223200,570
10848,226800,444
10848,230400,314
10848,234000,93
10848,237600,33
10848,241200,66
10848,244800,113
10848,248400,286
10848,252000,8
10848,255600,41
10848,259200,244
10848,262800,17
10848,266400,25
10848,270000,252
10848,273600,0
10848,277200,359
10848,280800,471
10848,284400,187
10848,288000,47
10848,291600,25
10848,295200,10
10848,298800,28
10848,302400,20
10848,306000,532
10848,309600,1022
10848,313200,282
10848,316800,44
10848,320400,1232
10848,324000,1385
10848,327600,160
10848,331200,413
10848,334800,18
10848,338400,0
10848,342000,90
10848,345600,0
10848,349200,26
10848,352800,115
10848,356400,117
10848,360000,21
10848,363600,386
10848,367200,58
10848,370800,433
10848,374400,90
10848,378000,27
10848,381600,686
10848,385200,32
10848,388800,47
10848,392400,411
10848,396000,630
10848,399600,446
10848,403200,9
10848,406800,226
10848,410400,0
10848,414000,9
10848,417600,64
10848,421200,387
10848,424800,2
10848,428400,35
10848,432000,6
10848,435600,45
10848,439200,99
10848,442800,74
10848,446400,163
10848,450000,398
10848,453600,196
10848,457200,59
10848,460800,182
10848,464400,353
10848,468000,562
10848,471600,887
10848,475200,1
10848,478800,79
10848,482400,378
10848,486000,50
10848,489600,1384
10848,493200,764
10848,496800,161
10848,500400,92
10848,504000,90
10848,507600,10
10848,511200,24
10848,514800,110
10848,518400,0
10848,522000,219
10848,525600,22
10848,529200,133
10848,532800,0
10848,536400,62
10848,540000,541
10848,543600,58
10848,547200,379
10848,550800,66
10848,554400,208
10848,558000,178
10848,561600,101
10848,565200,588
10848,568800,255
10848,572400,1355
10848,576000,1053
10848,579600,431
10848,583200,22
10848,586800,0
10848,590400,1
10848,594000,199
10848,597600,56
10848,601200,24
10848,604800,2
10848,608400,3
10848,612000,9
10848,615600,271
10848,619200,1
10848,622800,601
10848,626400,472
10848,630000,274
10848,633600,277
10848,637200,192
10848,640800,576
10848,644400,198
10848,648000,254
10848,651600,433
10848,655200,332
10848,658800,1430
10848,662400,218
10848,666000,46
10848,669600,21
10848,673200,59
10848,676800,11
10848,680400,72
10848,684000,1
10848,687600,233
10848,691200,23
10848,694800,32
10848,698400,27
10848,702000,303
10848,705600,183
10848,709200,548
10848,712800,21
10848,716400,412
10848,720000,261
10848,723600,66
10848,727200,471
10848,730800,5
10848,734400,949
10848,738000,5
10848,741600,303
10848,745200,749
10848,748800,562
10848,752400,8
10848,756000,627
10848,759600,1100
10848,763200,159
10848,766800,0
10848,770400,89
10848,774000,1
10848,777600,1
10848,781200,9
10848,784800,2
10848,788400,71
10848,792000,9
10848,795600,333
10848,799200,538
10848,802800,150
10848,806400,98
10848,810000,427
10848,813600,634
10848,817200,12
10848,820800,149
10848,824400,334
10848,828000,269
10848,831600,448
10848,835200,2
10848,838800,67
10848,842400,541
10848,846000,18
10848,849600,79
10848,853200,105
10848,856800,24
10848,860400,0
10848,864000,1
11088,3600,3
11088,7200,127
11088,10800,49
11088,14400,426
11088,18000,418
11088,21600,325
11088,25200,499
11088,28800,294
11088,32400,625
11088,36000,482
11088,39600,233
11088,43200,304
11088,46800,220
11088,50400,348
11088,54000,3
11088,57600,177
11088,61200,306
11088,64800,19
11088,68400,391
11088,72000,55
11088,75600,1
11088,79200,0
11088,82800,0
11088,86400,310
11088,90000,21
11088,93600,27
11088,97200,111
11088,100800,383
11088,104400,0
11088,108000,806
11088,111600,176
11088,115200,357
11088,118800,583
11088,122400,352
11088,126000,138
11088,129600,352
11088,133200,429
11088,136800,126
11088,140400,63
11088,144000,498
11088,147600,71
11088,151200,73
11088,154800,29
11088,158400,445
11088,162000,1
11088,165600,56
11088,169200,112
11088,172800,162
11088,176400,25
11088,180000,76
11088,183600,192
11088,187200,211
11088,190800,220
11088,194400,331
11088,198000,701
11088,201600,163
11088,205200,79
11088,208800,131
11088,212400,27
11088,216000,165
11088,219600,373
11088,223200,288
11088,226800,397
11088,230400,1082
11088,234000,157
11088,237600,176
11088,241200,100
11088,244800,217
11088,248400,0
11088,252000,34
11088,255600,25
11088,259200,11
11088,262800,40
11088,266400,38
11088,270000,87
11088,273600,234
11088,277200,564
11088,280800,385
11088,284400,406
11088,288000,271
11088,291600,482
11088,295200,168
11088,298800,180
11088,302400,288
11088,306000,222
11088,309600,427
11088,313200,153
11088,316800,263
11088,320400,121
11088,324000,43
11088,327600,99
11088,331200,660
11088,334800,62
11088,338400,16
11088,342000,170
11088,345600,1
11088,349200,224
11088,352800,40
11088,356400,298
11088,360000,292
11088,363600,234
11088,367200,265
11088,370800,610
11088,374400,311
11088,378000,216
11088,381600,196
11088,385200,128
11088,388800,256
11088,392400,360
11088,396000,319
11088,399600,85
11088,403200,46
11088,406800,112
11088,410400,38
11088,414000,4
11088,417600,3
11088,421200,362
11088,424800,3
11088,428400,31
11088,432000,0
11088,435600,74
11088,439200,2
11088,442800,144
11088,446400,384
11088,450000,275
11088,453600,449
11088,457200,602
11088,460800,206
11088,464400,364
11088,468000,197
11088,471600,224
11088,475200,309
11088,478800,281
11088,482400,215
11088,486000,270
11088,489600,156
11088,493200,27
11088,496800,9
11088,500400,63
11088,504000,0
11088,507600,18
11088,511200,170
11088,514800,0
11088,518400,0
11088,522000,51
11088,525600,34
11088,529200,300
11088,532800,87
11088,536400,187
11088,540000,323
11088,543600,679
11088,547200,103
11088,550800,349
11088,554400,395
11088,558000,275
11088,561600,356
11088,565200,99
11088,568800,82
11088,572400,159
11088,576000,0
11088,579600,490
11088,583200,36
11088,586800,0
11088,590400,2
11088,594000,109
11088,597600,22
11088,601200,20
11088,604800,0
11088,608400,23
11088,612000,23
11088,615600,361
11088,619200,29
11088,622800,174
11088,626400,277
11088,630000,245
11088,633600,745
11088,637200,380
11088,640800,103
11088,644400,142
11088,648000,157
11088,651600,246
11088,655200,350
11088,658800,254
11088,662400,375
11088,666000,251
11088,669600,8
11088,673200,0
11088,676800,0
11088,680400,452
11088,684000,78
11088,687600,57
11088,691200,1
11088,694800,4
11088,698400,51
11088,702000,288
11088,705600,726
11088,709200,47
11088,712800,809
11088,716400,354
11088,720000,787
11088,723600,37
11088,727200,54
11088,730800,89
11088,734400,254
11088,738000,498
11088,741600,74
11088,745200,1251
11088,748800,692
11088,752400,72
11088,756000,249
11088,759600,300
11088,763200,195
11088,766800,130
11088,770400,272
11088,774000,15
11088,777600,134
11088,781200,125
11088,784800,30
11088,788400,406
11088,792000,430
11088,795600,402
11088,799200,119
11088,802800,287
11088,806400,285
11088,810000,208
11088,813600,513
11088,817200,255
11088,820800,212
11088,824400,100
11088,828000,160
11088,831600,412
11088,835200,57
11088,838800,53
11088,842400,165
11088,846000,72
11088,849600,55
11088,853200,181
11088,856800,12
11088,860400,398
11088,864000,9
11089,3600,117
11089,7200,499
11089,10800,435
11089,14400,1531
11089,18000,495
11089,21600,144
11089,25200,743
11089,28800,1447
11089,32400,598
11089,36000,245
11089,39600,689
11089,43200,685
11089,46800,335
11089,50400,371
11089,54000,213
11089,57600,4
11089,61200,97
11089,64800,61
11089,68400,346
11089,72000,262
11089,75600,12
11089,79200,3
11089,82800,196
11089,86400,27
11089,90000,39
11089,93600,580
11089,97200,552
11089,100800,782
11089,104400,847
11089,108000,365
11089,111600,552
11089,115200,372
11089,118800,1514
11089,122400,295
11089,126000,526
11089,129600,557
11089,133200,1162
11089,136800,219
11089,140400,10
11089,144000,420
11089,147600,56
11089,151200,116
11089,154800,47
11089,158400,305
11089,162000,24
11089,165600,25
11089,169200,52
11089,172800,350
11089,176400,189
11089,180000,131
11089,183600,176
11089,187200,1261
11089,190800,336
11089,194400,856
11089,198000,1216
11089,201600,298
11089,205200,535
11089,208800,736
11089,212400,68
11089,216000,299
11089,219600,517
11089,223200,567
11089,226800,456
11089,230400,162
11089,234000,741
11089,237600,0
11089,241200,42
11089,244800,570
11089,248400,1
11089,252000,252
11089,255600,35
11089,259200,22
11089,262800,276
11089,266400,257
11089,270000,374
11089,273600,879
11089,277200,79
11089,280800,764
11089,284400,482
11089,288000,514
11089,291600,101
11089,295200,1113
11089,298800,425
11089,302400,428
11089,306000,385
11089,309600,255
11089,313200,26
11089,316800,360
11089,320400,13
11089,324000,341
11089,327600,64
11089,331200,0
11089,334800,108
11089,338400,1
11089,342000,25
11089,345600,42
11089,349200,255
11089,352800,341
11089,356400,554
11089,360000,658
11089,363600,928
11089,367200,390
11089,370800,28
11089,374400,575
11089,378000,218
11089,381600,437
11089,385200,533
11089,388800,90
11089,392400,970
11089,396000,81
11089,399600,240
11089,403200,57
11089,406800,11
11089,410400,447
11089,414000,485
11089,417600,366
11089,421200,54
11089,424800,26
11089,428400,49
11089,432000,336
11089,435600,0
11089,439200,29
11089,442800,762
11089,446400,1046
11089,450000,686
11089,453600,13
11089,457200,167
11089,460800,489
11089,464400,1002
11089,468000,439
11089,471600,267
11089,475200,125
11089,478800,360
11089,482400,964
11089,486000,969
11089,489600,72
11089,493200,218
11089,496800,0
11089,500400,0
11089,504000,190
11089,507600,0
11089,511200,314
11089,514800,0
11089,518400,78
11089,522000,28
11089,525600,159
11089,529200,634
11089,532800,483
11089,536400,449
11089,540000,506
11089,543600,662
11089,547200,160
11089,550800,379
11089,554400,99
11089,558000,115
11089,561600,615
11089,565200,890
11089,568800,371
11089,572400,1
11089,576000,1019
11089,579600,148
11089,583200,31
11089,586800,5
11089,590400,416
11089,594000,305
11089,597600,1
11089,601200,26
11089,604800,20
11089,608400,534
11089,612000,78
11089,615600,832
11089,619200,377
11089,622800,157
11089,626400,666
11089,630000,135
11089,633600,370
11089,637200,820
11089,640800,565
11089,644400,159
11089,648000,155
11089,651600,474
11089,655200,349
11089,658800,88
11089,662400,46
11089,666000,16
11089,669600,455
11089,673200,165
11089,676800,24
11089,680400,232
11089,684000,0
11089,687600,49
11089,691200,26
11089,694800,22
11089,698400,314
11089,702000,734
11089,705600,306
11089,709200,749
11089,712800,124
11089,716400,480
11089,720000,1112
11089,723600,335
11089,727200,23
11089,730800,484
11089,734400,161
11089,738000,173
11089,741600,470
11089,745200,390
11089,748800,50
11089,752400,36
11089,756000,38
11089,759600,565
11089,763200,49
11089,766800,32
11089,770400,387
11089,774000,118
11089,777600,130
11089,781200,110
11089,784800,32
11089,788400,538
11089,792000,273
11089,795600,863
11089,799200,85
11089,802800,770
11089,806400,540
11089,810000,750
11089,813600,154
11089,817200,499
11089,820800,416
11089,824400,160
11089,828000,225
11089,831600,38
11089,835200,497
11089,838800,29
11089,842400,21
11089,846000,20
11089,849600,114
11089,853200,3
11089,856800,438
11089,860400,1
11089,864000,35
11090,3600,19
11090,7200,444
11090,10800,44
11090,14400,1131
11090,18000,633
11090,21600,257
11090,25200,529
11090,28800,718
11090,32400,311
11090,36000,260
11090,39600,558
11090,43200,604
11090,46800,285
11090,50400,1090
11090,54000,169
11090,57600,53
11090,61200,31
11090,64800,21
11090,68400,233
11090,72000,0
11090,75600,16
11090,79200,21
11090,82800,17
11090,86400,193
11090,90000,36
11090,93600,23
11090,97200,324
11090,100800,798
11090,104400,642
11090,108000,852
11090,111600,477
11090,115200,529
11090,118800,713
11090,122400,219
11090,126000,147
11090,129600,623
11090,133200,427
11090,136800,939
11090,140400,667
11090,144000,61
11090,147600,63
11090,151200,32
11090,154800,617
11090,158400,38
11090,162000,85
11090,165600,19
11090,169200,87
11090,172800,318
11090,176400,34
11090,180000,150
11090,183600,345
11090,187200,791
11090,190800,743
11090,194400,378
11090,198000,925
11090,201600,315
11090,205200,830
11090,208800,228
11090,212400,35
11090,216000,529
11090,219600,983
11090,223200,610
11090,226800,274
11090,230400,95
11090,234000,150
11090,237600,0
11090,241200,328
11090,244800,0
11090,248400,0
11090,252000,0
11090,255600,0
11090,259200,0
11090,262800,111
11090,266400,22
11090,270000,714
11090,273600,882
11090,277200,906
11090,280800,200
11090,284400,632
11090,288000,870
11090,291600,419
11090,295200,282
11090,298800,399
11090,302400,145
11090,306000,545
11090,309600,113
11090,313200,892
11090,316800,105
11090,320400,31
11090,324000,63
11090,327600,444
11090,331200,0
11090,334800,5
11090,338400,32
11090,342000,166
11090,345600,3
11090,349200,63
11090,352800,73
11090,356400,757
11090,360000,689
11090,363600,582
11090,367200,534
11090,370800,606
11090,374400,352
11090,378000,1011
11090,381600,78
11090,385200,396
11090,388800,102
11090,392400,328
11090,396000,593
11090,399600,90
11090,403200,214
11090,406800,433
11090,410400,0
11090,414000,20
11090,417600,420
11090,421200,0
11090,424800,20
11090,428400,140
11090,432000,0
11090,435600,44
11090,439200,77
11090,442800,577
11090,446400,860
11090,450000,735
11090,453600,263
11090,457200,472
11090,460800,518
11090,464400,425
11090,468000,618
11090,471600,36
11090,475200,286
11090,478800,460
11090,482400,775
11090,486000,480
11090,489600,355
11090,493200,415
11090,496800,50
11090,500400,383
11090,504000,2
11090,507600,1
11090,511200,163
11090,514800,0
11090,518400,32
11090,522000,128
11090,525600,3
11090,529200,704
11090,532800,674
11090,536400,426
11090,540000,1042
11090,543600,138
11090,547200,747
11090,550800,467
11090,554400,312
11090,558000,638
11090,561600,244
11090,565200,238
11090,568800,459
11090,572400,398
11090,576000,132
11090,579600,22
11090,583200,2
11090,586800,231
11090,590400,1
11090,594000,17
11090,597600,0
11090,601200,0
11090,604800,433
11090,608400,2
11090,612000,63
11090,615600,764
11090,619200,951
11090,622800,1069
11090,626400,250
11090,630000,237
11090,633600,974
11090,637200,82
11090,640800,554
11090,644400,187
11090,648000,606
11090,651600,131
11090,655200,522
11090,658800,23
11090,662400,467
11090,666000,2
11090,669600,22
11090,673200,1
11090,676800,83
11090,680400,69
11090,684000,461
11090,687600,366
11090,691200,140
11090,694800,41
11090,698400,318
11090,702000,398
11090,705600,585
11090,709200,977
11090,712800,170
11090,716400,164
11090,720000,839
11090,723600,326
11090,727200,356
11090,730800,456
11090,734400,301
11090,738000,502
11090,741600,463
11090,745200,21
11090,748800,431
11090,752400,173
11090,756000,43
11090,759600,150
11090,763200,268
11090,766800,41
11090,770400,113
11090,774000,18
11090,777600,15
11090,781200,111
11090,784800,246
11090,788400,717
11090,792000,717
11090,795600,295
11090,799200,724
11090,802800,989
11090,806400,77
11090,810000,106
11090,813600,357
11090,817200,46
11090,820800,1080
11090,824400,236
11090,828000,682
11090,831600,216
11090,835200,0
11090,838800,1
11090,842400,356
11090,846000,204
11090,849600,0
11090,853200,18
11090,856800,0
11090,860400,16
11090,864000,73
11097,3600,0
11097,7200,749
11097,10800,0
11097,14400,506
11097,18000,729
11097,21600,1164
11097,25200,104
11097,28800,667
11097,32400,356
11097,36000,949
11097,39600,343
11097,43200,604
11097,46800,1504
11097,50400,1489
11097,54000,1116
11097,57600,29
11097,61200,435
11097,64800,0
11097,68400,0
11097,72000,21
11097,75600,0
11097,79200,19
11097,82800,484
11097,86400,1
11097,90000,22
11097,93600,3
11097,97200,104
11097,100800,1717
11097,104400,762
11097,108000,94
11097,111600,107
11097,115200,806
11097,118800,743
11097,122400,1067
11097,126000,107
11097,129600,287
11097,133200,1542
11097,136800,377
11097,140400,0
11097,144000,223
11097,147600,24
11097,151200,560
11097,154800,0
11097,158400,100
11097,162000,0
11097,165600,56
11097,169200,14
11097,172800,35
11097,176400,20
11097,180000,76
11097,183600,1039
11097,187200,1227
11097,190800,492
11097,194400,639
11097,198000,88
11097,201600,830
11097,205200,193
11097,208800,1284
11097,212400,22
11097,216000,70
11097,219600,1383
11097,223200,841
11097,226800,267
11097,230400,212
11097,234000,0
11097,237600,25
11097,241200,0
11097,244800,0
11097,248400,2
11097,252000,0
11097,255600,713
11097,259200,112
11097,262800,40
11097,266400,0
11097,270000,293
11097,273600,822
11097,277200,1263
11097,280800,257
11097,284400,59
11097,288000,1059
11097,291600,265
11097,295200,947
11097,298800,457
11097,302400,705
11097,306000,774
11097,309600,245
11097,313200,249
11097,316800,160
11097,320400,0
11097,324000,30
11097,327600,0
11097,331200,3
11097,334800,226
11097,338400,0
11097,342000,26
11097,345600,91
11097,349200,1
11097,352800,91
11097,356400,0
11097,360000,939
11097,363600,1113
11097,367200,274
11097,370800,574
11097,374400,197
11097,378000,117
11097,381600,1476
11097,385200,6
11097,388800,321
11097,392400,1087
11097,396000,777
11097,399600,584
11097,403200,3
11097,406800,914
11097,410400,0
11097,414000,63
11097,417600,276
11097,421200,0
11097,424800,2
11097,428400,45
11097,432000,20
11097,435600,96
11097,439200,0
11097,442800,41
11097,446400,1702
11097,450000,657
11097,453600,490
11097,457200,804
11097,460800,580
11097,464400,617
11097,468000,1133
11097,471600,35
11097,475200,35
11097,478800,553
11097,482400,657
11097,486000,322
11097,489600,75
11097,493200,434
11097,496800,1
11097,500400,58
11097,504000,4
11097,507600,2
11097,511200,0
11097,514800,358
11097,518400,0
11097,522000,173
11097,525600,1
11097,529200,1
11097,532800,947
11097,536400,589
11097,540000,250
11097,543600,0
11097,547200,43
11097,550800,1124
11097,554400,242
11097,558000,15
11097,561600,774
11097,565200,434
11097,568800,1591
11097,572400,501
11097,576000,0
11097,579600,77
11097,583200,1
11097,586800,41
11097,590400,0
11097,594000,14
11097,597600,0
11097,601200,350
11097,604800,0
11097,608400,22
11097,612000,1
11097,615600,123
11097,619200,1076
11097,622800,1100
11097,626400,68
11097,630000,1144
11097,633600,600
11097,637200,52
11097,640800,788
11097,644400,153
11097,648000,1
11097,651600,1058
11097,655200,186
11097,658800,1393
11097,662400,331
11097,666000,0
11097,669600,0
11097,673200,0
11097,676800,0
11097,680400,0
11097,684000,136
11097,687600,1
11097,691200,2
11097,694800,226
11097,698400,2
11097,702000,3
11097,705600,1141
11097,709200,948
11097,712800,416
11097,716400,132
11097,720000,870
11097,723600,1053
11097,727200,615
11097,730800,378
11097,734400,28
11097,738000,486
11097,741600,1040
11097,745200,0
11097,748800,208
11097,752400,150
11097,756000,0
11097,759600,25
11097,763200,0
11097,766800,89
11097,770400,0
11097,774000,23
11097,777600,22
11097,781200,44
11097,784800,0
11097,788400,101
11097,792000,1490
11097,795600,861
11097,799200,141
11097,802800,1119
11097,806400,623
11097,810000,12
11097,813600,1276
11097,817200,368
11097,820800,187
11097,824400,940
11097,828000,932
11097,831600,1182
11097,835200,202
11097,838800,274
11097,842400,3
11097,846000,9
11097,849600,7
11097,853200,27
11097,856800,1
11097,860400,59
11097,864000,0
11130,3600,10
11130,7200,94
11130,10800,220
11130,14400,166
11130,18000,253
11130,21600,844
11130,25200,223
11130,28800,60
11130,32400,954
11130,36000,195
11130,39600,25
11130,43200,93
11130,46800,743
11130,50400,1113
11130,54000,1556
11130,57600,495
11130,61200,270
11130,64800,1
11130,68400,64
11130,72000,57
11130,75600,0
11130,79200,69
11130,82800,0
11130,86400,21
11130,90000,45
11130,93600,65
11130,97200,176
11130,100800,139
11130,104400,234
11130,108000,604
11130,111600,273
11130,115200,101
11130,118800,659
11130,122400,113
11130,126000,57
11130,129600,68
11130,133200,684
11130,136800,480
11130,140400,757
11130,144000,45
11130,147600,24
11130,151200,170
11130,154800,0
11130,158400,82
11130,162000,0
11130,165600,19
11130,169200,20
11130,172800,29
11130,176400,56
11130,180000,39
11130,183600,237
11130,187200,334
11130,190800,813
11130,194400,325
11130,198000,572
11130,201600,321
11130,205200,171
11130,208800,473
11130,212400,127
11130,216000,119
11130,219600,580
11130,223200,329
11130,226800,249
11130,230400,69
11130,234000,36
11130,237600,0
11130,241200,100
11130,244800,4
11130,248400,103
11130,252000,31
11130,255600,7
11130,259200,48
11130,262800,0
11130,266400,75
11130,270000,337
11130,273600,187
11130,277200,858
11130,280800,100
11130,284400,585
11130,288000,245
11130,291600,42
11130,295200,119
11130,298800,28
11130,302400,400
11130,306000,352
11130,309600,564
11130,313200,678
11130,316800,100
11130,320400,37
11130,324000,88
11130,327600,0
11130,331200,7
11130,334800,127
11130,338400,2
11130,342000,0
11130,345600,7
11130,349200,52
11130,352800,31
11130,356400,103
11130,360000,510
11130,363600,55
11130,367200,172
11130,370800,1006
11130,374400,137
11130,378000,83
11130,381600,1119
11130,385200,198
11130,388800,38
11130,392400,118
11130,396000,718
11130,399600,156
11130,403200,410
11130,406800,26
11130,410400,9
11130,414000,2
11130,417600,7
11130,421200,20
11130,424800,115
11130,428400,0
11130,432000,0
11130,435600,0
11130,439200,83
11130,442800,114
11130,446400,848
11130,450000,56
11130,453600,825
11130,457200,208
11130,460800,56
11130,464400,1068
11130,468000,85
11130,471600,23
11130,475200,207
11130,478800,298
11130,482400,640
11130,486000,435
11130,489600,0
11130,493200,0
11130,496800,49
11130,500400,20
11130,504000,4
11130,507600,235
11130,511200,36
11130,514800,0
11130,518400,28
11130,522000,15
11130,525600,107
11130,529200,125
11130,532800,982
11130,536400,331
11130,540000,83
11130,543600,124
11130,547200,1112
11130,550800,1178
11130,554400,293
11130,558000,95
11130,561600,32
11130,565200,160
11130,568800,933
11130,572400,122
11130,576000,37
11130,579600,259
11130,583200,0
11130,586800,92
11130,590400,6
11130,594000,46
11130,597600,36
11130,601200,16
11130,604800,23
11130,608400,26
11130,612000,149
11130,615600,57
11130,619200,61
11130,622800,406
11130,626400,67
11130,630000,263
11130,633600,1535
11130,637200,473
11130,640800,161
11130,644400,30
11130,648000,104
11130,651600,47
11130,655200,469
11130,658800,691
11130,662400,763
11130,666000,93
11130,669600,0
11130,673200,58
11130,676800,27
11130,680400,0
11130,684000,22
11130,687600,30
11130,691200,23
11130,694800,77
11130,698400,241
11130,702000,181
11130,705600,77
11130,709200,815
11130,712800,58
11130,716400,715
11130,720000,833
11130,723600,28
11130,727200,117
11130,730800,32
11130,734400,114
11130,738000,643
11130,741600,299
11130,745200,725
11130,748800,406
11130,752400,24
11130,756000,36
11130,759600,19
11130,763200,8
11130,766800,22
11130,770400,24
11130,774000,41
11130,777600,12
11130,781200,21
11130,784800,255
11130,788400,134
11130,792000,958
11130,795600,131
11130,799200,104
11130,802800,549
11130,806400,239
11130,810000,22
11130,813600,53
11130,817200,0
11130,820800,111
11130,824400,26
11130,828000,378
11130,831600,237
11130,835200,5
11130,838800,99
11130,842400,105
11130,846000,0
11130,849600,26
11130,853200,37
11130,856800,90
11130,860400,0
11130,864000,49
11132,3600,0
11132,7200,68
11132,10800,419
11132,14400,374
11132,18000,609
11132,21600,430
11132,25200,307
11132,28800,963
11132,32400,619
11132,36000,629
11132,39600,518
11132,43200,410
11132,46800,853
11132,50400,160
11132,54000,729
11132,57600,432
11132,61200,80
11132,64800,4
11132,68400,415
11132,72000,18
11132,75600,163
11132,79200,370
11132,82800,89
11132,86400,38
11132,90000,68
11132,93600,146
11132,97200,186
11132,100800,490
11132,104400,335
11132,108000,504
11132,111600,413
11132,115200,1071
11132,118800,626
11132,122400,723
11132,126000,322
11132,129600,689
11132,133200,637
11132,136800,698
11132,140400,0
11132,144000,1035
11132,147600,14
11132,151200,112
11132,154800,31
11132,158400,4
11132,162000,25
11132,165600,106
11132,169200,11
11132,172800,33
11132,176400,79
11132,180000,32
11132,183600,416
11132,187200,453
11132,190800,241
11132,194400,803
11132,198000,135
11132,201600,1114
11132,205200,27
11132,208800,299
11132,212400,67
11132,216000,532
11132,219600,773
11132,223200,486
11132,226800,38
11132,230400,144
11132,234000,21
11132,237600,149
11132,241200,0
11132,244800,26
11132,248400,24
11132,252000,0
11132,255600,241
11132,259200,0
11132,262800,42
11132,266400,72
11132,270000,572
11132,273600,371
11132,277200,661
11132,280800,378
11132,284400,64
11132,288000,407
11132,291600,843
11132,295200,28
11132,298800,349
11132,302400,510
11132,306000,49
11132,309600,507
11132,313200,474
11132,316800,1202
11132,320400,9
11132,324000,29
11132,327600,183
11132,331200,0
11132,334800,0
11132,338400,14
11132,342000,248
11132,345600,0
11132,349200,21
11132,352800,264
11132,356400,217
11132,360000,729
11132,363600,206
11132,367200,517
11132,370800,633
11132,374400,180
11132,378000,309
11132,381600,562
11132,385200,31
11132,388800,274
11132,392400,347
11132,396000,422
11132,399600,0
11132,403200,29
11132,406800,17
11132,410400,111
11132,414000,7
11132,417600,9
11132,421200,22
11132,424800,44
11132,428400,10
11132,432000,78
11132,435600,11
11132,439200,198
11132,442800,382
11132,446400,427
11132,450000,625
11132,453600,222
11132,457200,717
11132,460800,252
11132,464400,53
11132,468000,86
11132,471600,60
11132,475200,43
11132,478800,961
11132,482400,67
11132,486000,339
11132,489600,0
11132,493200,29
11132,496800,0
11132,500400,113
11132,504000,0
11132,507600,14
11132,511200,0
11132,514800,46
11132,518400,8
11132,522000,0
11132,525600,648
11132,529200,100
11132,532800,588
11132,536400,526
11132,540000,467
11132,543600,324
11132,547200,693
11132,550800,0
11132,554400,130
11132,558000,185
11132,561600,125
11132,565200,718
11132,568800,261
11132,572400,792
11132,576000,972
11132,579600,9
11132,583200,199
11132,586800,22
11132,590400,8
11132,594000,99
11132,597600,4
11132,601200,43
11132,604800,72
11132,608400,0
11132,612000,507
11132,615600,1008
11132,619200,580
11132,622800,359
11132,626400,529
11132,630000,574
11132,633600,871
11132,637200,291
11132,640800,291
11132,644400,361
11132,648000,485
11132,651600,217
11132,655200,574
11132,658800,19
11132,662400,139
11132,666000,60
11132,669600,209
11132,673200,255
11132,676800,0
11132,680400,24
11132,684000,23
11132,687600,103
11132,691200,24
11132,694800,115
11132,698400,615
11132,702000,296
11132,705600,360
11132,709200,610
11132,712800,282
11132,716400,809
11132,720000,165
11132,723600,979
11132,727200,277
11132,730800,203
11132,734400,399
11132,738000,327
11132,741600,141
11132,745200,0
11132,748800,46
11132,752400,298
11132,756000,1
11132,759600,21
11132,763200,51
11132,766800,163
11132,770400,59
11132,774000,24
11132,777600,0
11132,781200,172
11132,784800,194
11132,788400,655
11132,792000,469
11132,795600,330
11132,799200,747
11132,802800,159
11132,806400,615
11132,810000,339
11132,813600,26
11132,817200,369
11132,820800,113
11132,824400,521
11132,828000,155
11132,831600,0
11132,835200,755
11132,838800,17
11132,842400,22
11132,846000,154
11132,849600,0
11132,853200,51
11132,856800,0
11132,860400,101
11132,864000,0
11134,3600,32
11134,7200,101
11134,10800,676
11134,14400,1390
11134,18000,627
11134,21600,93
11134,25200,390
11134,28800,739
11134,32400,68
11134,36000,407
11134,39600,332
11134,43200,256
11134,46800,583
11134,50400,36
11134,54000,41
11134,57600,546
11134,61200,134
11134,64800,10
11134,68400,557
11134,72000,17
11134,75600,58
11134,79200,209
11134,82800,38
11134,86400,25
11134,90000,132
11134,93600,31
11134,97200,1466
11134,100800,887
11134,104400,230
11134,108000,1108
11134,111600,1266
11134,115200,43
11134,118800,200
11134,122400,427
11134,126000,130
11134,129600,32
11134,133200,301
11134,136800,32
11134,140400,201
11134,144000,1
11134,147600,25
11134,151200,192
11134,154800,0
11134,158400,26
11134,162000,126
11134,165600,0
11134,169200,176
11134,172800,13
11134,176400,109
11134,180000,25
11134,183600,1580
11134,187200,1495
11134,190800,206
11134,194400,792
11134,198000,1161
11134,201600,138
11134,205200,857
11134,208800,312
11134,212400,189
11134,216000,399
11134,219600,296
11134,223200,129
11134,226800,178
11134,230400,54
11134,234000,372
11134,237600,22
11134,241200,46
11134,244800,192
11134,248400,6
11134,252000,12
11134,255600,72
11134,259200,570
11134,262800,24
11134,266400,43
11134,270000,1639
11134,273600,1121
11134,277200,639
11134,280800,217
11134,284400,776
11134,288000,385
11134,291600,1325
11134,295200,112
11134,298800,436
11134,302400,219
11134,306000,195
11134,309600,96
11134,313200,651
11134,316800,9
11134,320400,271
11134,324000,0
11134,327600,6
11134,331200,22
11134,334800,29
11134,338400,67
11134,342000,40
11134,345600,272
11134,349200,28
11134,352800,366
11134,356400,1749
11134,360000,581
11134,363600,739
11134,367200,1368
11134,370800,203
11134,374400,1717
11134,378000,273
11134,381600,264
11134,385200,106
11134,388800,268
11134,392400,321
11134,396000,2
11134,399600,193
11134,403200,407
11134,406800,199
11134,410400,425
11134,414000,1
11134,417600,47
11134,421200,91
11134,424800,172
11134,428400,24
11134,432000,36
11134,435600,86
11134,439200,592
11134,442800,1857
11134,446400,408
11134,450000,101
11134,453600,1544
11134,457200,128
11134,460800,111
11134,464400,972
11134,468000,21
11134,471600,85
11134,475200,501
11134,478800,305
11134,482400,41
11134,486000,821
11134,489600,3
11134,493200,37
11134,496800,63
11134,500400,14
11134,504000,42
11134,507600,398
11134,511200,0
11134,514800,0
11134,518400,23
11134,522000,221
11134,525600,1117
11134,529200,1892
11134,532800,1102
11134,536400,283
11134,540000,988
11134,543600,688
11134,547200,380
11134,550800,64
11134,554400,932
11134,558000,99
11134,561600,131
11134,565200,285
11134,568800,427
11134,572400,206
11134,576000,140
11134,579600,106
11134,583200,60
11134,586800,1
11134,590400,35
11134,594000,417
11134,597600,5
11134,601200,16
11134,604800,3
11134,608400,309
11134,612000,1059
11134,615600,1622
11134,619200,227
11134,622800,1286
11134,626400,1229
11134,630000,183
11134,633600,306
11134,637200,1443
11134,640800,222
11134,644400,315
11134,648000,270
11134,651600,192
11134,655200,79
11134,658800,537
11134,662400,44
11134,666000,9
11134,669600,32
11134,673200,32
11134,676800,184
11134,680400,17
11134,684000,52
11134,687600,12
11134,691200,85
11134,694800,420
11134,698400,1161
11134,702000,115
11134,705600,1210
11134,709200,1739
11134,712800,303
11134,716400,708
11134,720000,477
11134,723600,345
11134,727200,208
11134,730800,87
11134,734400,272
11134,738000,172
11134,741600,38
11134,745200,88
11134,748800,65
11134,752400,442
11134,756000,0
11134,759600,41
11134,763200,26
11134,766800,56
11134,770400,0
11134,774000,166
11134,777600,67
11134,781200,107
11134,784800,1447
11134,788400,457
11134,792000,830
11134,795600,1105
11134,799200,232
11134,802800,1088
11134,806400,598
11134,810000,141
11134,813600,197
11134,817200,171
11134,820800,158
11134,824400,186
11134,828000,345
11134,831600,53
11134,835200,579
11134,838800,25
11134,842400,52
11134,846000,56
11134,849600,150
11134,853200,33
11134,856800,232
11134,860400,107
11134,864000,9
11268,3600,145
11268,7200,4
11268,10800,254
11268,14400,181
11268,18000,162
11268,21600,580
11268,25200,736
11268,28800,508
11268,32400,1341
11268,36000,907
11268,39600,83
11268,43200,638
11268,46800,718
11268,50400,235
11268,54000,118
11268,57600,9
11268,61200,126
11268,64800,4
11268,68400,69
11268,72000,2
11268,75600,101
11268,79200,358
11268,82800,33
11268,86400,0
11268,90000,26
11268,93600,31
11268,97200,400
11268,100800,513
11268,104400,193
11268,108000,1209
11268,111600,1097
11268,115200,635
11268,118800,542
11268,122400,273
11268,126000,462
11268,129600,472
11268,133200,446
11268,136800,336
11268,140400,128
11268,144000,298
11268,147600,4
11268,151200,315
11268,154800,1
11268,158400,74
11268,162000,2
11268,165600,235
11268,169200,2
11268,172800,125
11268,176400,65
11268,180000,0
11268,183600,95
11268,187200,415
11268,190800,817
11268,194400,386
11268,198000,888
11268,201600,1045
11268,205200,404
11268,208800,326
11268,212400,550
11268,216000,476
11268,219600,620
11268,223200,256
11268,226800,12
11268,230400,353
11268,234000,99
11268,237600,3
11268,241200,303
11268,244800,10
11268,248400,105
11268,252000,0
11268,255600,28
11268,259200,155
11268,262800,1
11268,266400,26
11268,270000,563
11268,273600,435
11268,277200,331
11268,280800,501
11268,284400,1112
11268,288000,920
11268,291600,300
11268,295200,622
11268,298800,78
11268,302400,533
11268,306000,286
11268,309600,4
11268,313200,327
11268,316800,75
11268,320400,0
11268,324000,306
11268,327600,0
11268,331200,2
11268,334800,363
11268,338400,3
11268,342000,3
11268,345600,167
11268,349200,58
11268,352800,54
11268,356400,1103
11268,360000,361
11268,363600,619
11268,367200,685
11268,370800,992
11268,374400,1593
11268,378000,112
11268,381600,51
11268,385200,446
11268,388800,649
11268,392400,323
11268,396000,24
11268,399600,294
11268,403200,182
11268,406800,7
11268,410400,120
11268,414000,1
11268,417600,317
11268,421200,4
11268,424800,0
11268,428400,115
11268,432000,2
11268,435600,0
11268,439200,58
11268,442800,1285
11268,446400,566
11268,450000,694
11268,453600,560
11268,457200,208
11268,460800,915
11268,464400,656
11268,468000,316
11268,471600,180
11268,475200,727
11268,478800,498
11268,482400,73
11268,486000,103
11268,489600,33
11268,493200,3
11268,496800,26
11268,500400,36
11268,504000,216
11268,507600,180
11268,511200,26
11268,514800,153
11268,518400,0
11268,522000,51
11268,525600,108
11268,529200,571
11268,532800,181
11268,536400,1027
11268,540000,708
11268,543600,111
11268,547200,347
11268,550800,1257
11268,554400,113
11268,558000,224
11268,561600,530
11268,565200,420
11268,568800,129
11268,572400,307
11268,576000,1
11268,579600,343
11268,583200,26
11268,586800,211
11268,590400,65
11268,594000,1
11268,597600,124
11268,601200,1
11268,604800,50
11268,608400,3
11268,612000,226
11268,615600,723
11268,619200,590
11268,622800,234
11268,626400,503
11268,630000,1126
11268,633600,126
11268,637200,406
11268,640800,387
11268,644400,547
11268,648000,557
11268,651600,69
11268,655200,254
11268,658800,216
11268,662400,27
11268,666000,42
11268,669600,99
11268,673200,30
11268,676800,131
11268,680400,20
11268,684000,17
11268,687600,63
11268,691200,129
11268,694800,2
11268,698400,244
11268,702000,570
11268,705600,705
11268,709200,1207
11268,712800,739
11268,716400,319
11268,720000,341
11268,723600,782
11268,727200,279
11268,730800,174
11268,734400,563
11268,738000,144
11268,741600,127
11268,745200,2
11268,748800,668
11268,752400,2
11268,756000,216
11268,759600,232
11268,763200,1
11268,766800,19
11268,770400,8
11268,774000,242
11268,777600,0
11268,781200,37
11268,784800,186
11268,788400,256
11268,792000,1156
11268,795600,66
11268,799200,987
11268,802800,64
11268,806400,969
11268,810000,223
11268,813600,17
11268,817200,753
11268,820800,79
11268,824400,438
11268,828000,111
11268,831600,28
11268,835200,125
11268,838800,364
11268,842400,1
11268,846000,6
11268,849600,199
11268,853200,0
11268,856800,9
11268,860400,24
11268,864000,0
11299,3600,62
11299,7200,24
11299,10800,54
11299,14400,83
11299,18000,163
11299,21600,512
11299,25200,431
11299,28800,60
11299,32400,466
11299,36000,112
11299,39600,243
11299,43200,100
11299,46800,95
11299,50400,700
11299,54000,572
11299,57600,148
11299,61200,17
11299,64800,333
11299,68400,7
11299,72000,19
11299,75600,88
11299,79200,12
11299,82800,130
11299,86400,113
11299,90000,2
11299,93600,191
11299,97200,13
11299,100800,80
11299,104400,180
11299,108000,306
11299,111600,626
11299,115200,498
11299,118800,562
11299,122400,145
11299,126000,98
11299,129600,205
11299,133200,142
11299,136800,429
11299,140400,137
11299,144000,608
11299,147600,224
11299,151200,1
11299,154800,2
11299,158400,37
11299,162000,133
11299,165600,136
11299,169200,4
11299,172800,18
11299,176400,79
11299,180000,57
11299,183600,32
11299,187200,188
11299,190800,479
11299,194400,439
11299,198000,433
11299,201600,631
11299,205200,96
11299,208800,145
11299,212400,149
11299,216000,546
11299,219600,337
11299,223200,436
11299,226800,274
11299,230400,243
11299,234000,85
11299,237600,8
11299,241200,30
11299,244800,100
11299,248400,1087
11299,252000,19
11299,255600,418
11299,259200,28
11299,262800,73
11299,266400,10
11299,270000,126
11299,273600,30
11299,277200,311
11299,280800,315
11299,284400,130
11299,288000,146
11299,291600,438
11299,295200,298
11299,298800,112
11299,302400,32
11299,306000,101
11299,309600,223
11299,313200,435
11299,316800,164
11299,320400,107
11299,324000,0
11299,327600,9
11299,331200,45
11299,334800,54
11299,338400,283
11299,342000,25
11299,345600,142
11299,349200,57
11299,352800,194
11299,356400,120
11299,360000,77
11299,363600,238
11299,367200,342
11299,370800,181
11299,374400,6
11299,378000,343
11299,381600,496
11299,385200,2
11299,388800,40
11299,392400,168
11299,396000,201
11299,399600,33
11299,403200,477
11299,406800,46
11299,410400,20
11299,414000,32
11299,417600,249
11299,421200,86
11299,424800,102
11299,428400,0
11299,432000,0
11299,435600,75
11299,439200,2
11299,442800,54
11299,446400,96
11299,450000,210
11299,453600,348
11299,457200,268
11299,460800,42
11299,464400,400
11299,468000,109
11299,471600,332
11299,475200,4
11299,478800,311
11299,482400,249
11299,486000,259
11299,489600,320
11299,493200,131
11299,496800,158
11299,500400,135
11299,504000,0
11299,507600,78
11299,511200,4
11299,514800,8
11299,518400,66
11299,522000,21
11299,525600,39
11299,529200,61
11299,532800,126
11299,536400,361
11299,540000,41
11299,543600,374
11299,547200,274
11299,550800,70
11299,554400,4
11299,558000,46
11299,561600,105
11299,565200,118
11299,568800,469
11299,572400,644
11299,576000,143
11299,579600,13
11299,583200,406
11299,586800,59
11299,590400,9
11299,594000,136
11299,597600,122
11299,601200,2
11299,604800,16
11299,608400,109
11299,612000,4
11299,615600,87
11299,619200,170
11299,622800,569
11299,626400,218
11299,630000,364
11299,633600,289
11299,637200,467
11299,640800,131
11299,644400,187
11299,648000,391
11299,651600,138
11299,655200,284
11299,658800,349
11299,662400,103
11299,666000,98
11299,669600,123
11299,673200,43
11299,676800,4
11299,680400,128
11299,684000,23
11299,687600,155
11299,691200,30
11299,694800,103
11299,698400,9
11299,702000,154
11299,705600,351
11299,709200,373
11299,712800,29
11299,716400,508
11299,720000,973
11299,723600,149
11299,727200,30
11299,730800,28
11299,734400,488
11299,738000,611
11299,741600,178
11299,745200,1157
11299,748800,6
11299,752400,239
11299,756000,40
11299,759600,87
11299,763200,3
11299,766800,62
11299,770400,39
11299,774000,23
11299,777600,0
11299,781200,28
11299,784800,23
11299,788400,35
11299,792000,557
11299,795600,12
11299,799200,367
11299,802800,459
11299,806400,147
11299,810000,725
11299,813600,55
11299,817200,190
11299,820800,34
11299,824400,326
11299,828000,673
11299,831600,456
11299,835200,100
11299,838800,198
11299,842400,27
11299,846000,110
11299,849600,40
11299,853200,0
11299,856800,126
11299,860400,18
11299,864000,20
11300,3600,1
11300,7200,36
11300,10800,49
11300,14400,26
11300,18000,50
11300,21600,1
11300,25200,68
11300,28800,332
11300,32400,505
11300,36000,51
11300,39600,24
11300,43200,24
11300,46800,28
11300,50400,220
11300,54000,355
11300,57600,764
11300,61200,508
11300,64800,795
11300,68400,599
11300,72000,4
11300,75600,50
11300,79200,210
11300,82800,201
11300,86400,3
11300,90000,40
11300,93600,18
11300,97200,530
11300,100800,19
11300,104400,42
11300,108000,31
11300,111600,191
11300,115200,498
11300,118800,131
11300,122400,688
11300,126000,505
11300,129600,323
11300,133200,122
11300,136800,226
11300,140400,438
11300,144000,561
11300,147600,1098
11300,151200,1401
11300,154800,295
11300,158400,2
11300,162000,4
11300,165600,526
11300,169200,49
11300,172800,219
11300,176400,106
11300,180000,67
11300,183600,54
11300,187200,489
11300,190800,48
11300,194400,111
11300,198000,99
11300,201600,390
11300,205200,187
11300,208800,92
11300,212400,91
11300,216000,154
11300,219600,51
11300,223200,432
11300,226800,842
11300,230400,349
11300,234000,297
11300,237600,1562
11300,241200,1000
11300,244800,445
11300,248400,37
11300,252000,4
11300,255600,104
11300,259200,51
11300,262800,1
11300,266400,27
11300,270000,481
11300,273600,4
11300,277200,176
11300,280800,45
11300,284400,1
11300,288000,1018
11300,291600,150
11300,295200,803
11300,298800,102
11300,302400,215
11300,306000,34
11300,309600,220
11300,313200,32
11300,316800,1018
11300,320400,682
11300,324000,1096
11300,327600,624
11300,331200,0
11300,334800,691
11300,338400,157
11300,342000,0
11300,345600,5
11300,349200,1
11300,352800,329
11300,356400,6
11300,360000,59
11300,363600,0
11300,367200,23
11300,370800,68
11300,374400,607
11300,378000,788
11300,381600,253
11300,385200,224
11300,388800,1213
11300,392400,507
11300,396000,217
11300,399600,564
11300,403200,487
11300,406800,506
11300,410400,1094
11300,414000,1226
11300,417600,42
11300,421200,187
11300,424800,0
11300,428400,41
11300,432000,0
11300,435600,523
11300,439200,6
11300,442800,129
11300,446400,6
11300,450000,26
11300,453600,214
11300,457200,36
11300,460800,813
11300,464400,461
11300,468000,593
11300,471600,154
11300,475200,84
11300,478800,89
11300,482400,936
11300,486000,25
11300,489600,118
11300,493200,1042
11300,496800,1238
11300,500400,419
11300,504000,753
11300,507600,613
11300,511200,76
11300,514800,32
11300,518400,54
11300,522000,21
11300,525600,75
11300,529200,6
11300,532800,222
11300,536400,26
11300,540000,91
11300,543600,96
11300,547200,518
11300,550800,414
11300,554400,153
11300,558000,286
11300,561600,52
11300,565200,721
11300,568800,242
11300,572400,133
11300,576000,1013
11300,579600,960
11300,583200,144
11300,586800,1134
11300,590400,102
11300,594000,499
11300,597600,14
11300,601200,37
11300,604800,20
11300,608400,362
11300,612000,0
11300,615600,25
11300,619200,1
11300,622800,149
11300,626400,10
11300,630000,40
11300,633600,680
11300,637200,459
11300,640800,468
11300,644400,209
11300,648000,521
11300,651600,792
11300,655200,53
11300,658800,702
11300,662400,187
11300,666000,1218
11300,669600,442
11300,673200,925
11300,676800,61
11300,680400,676
11300,684000,392
11300,687600,16
11300,691200,73
11300,694800,4
11300,698400,202
11300,702000,0
11300,705600,316
11300,709200,6
11300,712800,44
11300,716400,84
11300,720000,824
11300,723600,623
11300,727200,258
11300,730800,905
11300,734400,1034
11300,738000,248
11300,741600,225
11300,745200,492
11300,748800,295
11300,752400,1214
11300,756000,142
11300,759600,1051
11300,763200,7
11300,766800,169
11300,770400,231
11300,774000,143
11300,777600,228
11300,781200,114
11300,784800,2
11300,788400,146
11300,792000,112
11300,795600,3
11300,799200,51
11300,802800,66
11300,806400,37
11300,810000,768
11300,813600,590
11300,817200,929
11300,820800,325
11300,824400,158
11300,828000,151
11300,831600,56
11300,835200,1110
11300,838800,114
11300,842400,1067
11300,846000,634
11300,849600,42
11300,853200,107
11300,856800,20
11300,860400,122
11300,864000,49
11316,3600,56
11316,7200,285
11316,10800,899
11316,14400,370
11316,18000,226
11316,21600,501
11316,25200,607
11316,28800,478
11316,32400,304
11316,36000,0
11316,39600,106
11316,43200,21
11316,46800,115
11316,50400,210
11316,54000,92
11316,57600,208
11316,61200,59
11316,64800,0
11316,68400,29
11316,72000,115
11316,75600,0
11316,79200,30
11316,82800,0
11316,86400,2
11316,90000,47
11316,93600,88
11316,97200,436
11316,100800,164
11316,104400,1020
11316,108000,655
11316,111600,547
11316,115200,22
11316,118800,81
11316,122400,113
11316,126000,29
11316,129600,100
11316,133200,288
11316,136800,859
11316,140400,187
11316,144000,229
11316,147600,41
11316,151200,163
11316,154800,24
11316,158400,13
11316,162000,8
11316,165600,85
11316,169200,19
11316,172800,17
11316,176400,62
11316,180000,60
11316,183600,354
11316,187200,186
11316,190800,650
11316,194400,375
11316,198000,192
11316,201600,272
11316,205200,84
11316,208800,17
11316,212400,84
11316,216000,64
11316,219600,151
11316,223200,182
11316,226800,936
11316,230400,6
11316,234000,79
11316,237600,0
11316,241200,9
11316,244800,126
11316,248400,0
11316,252000,31
11316,255600,42
11316,259200,0
11316,262800,32
11316,266400,371
11316,270000,325
11316,273600,451
11316,277200,464
11316,280800,445
11316,284400,347
11316,288000,54
11316,291600,30
11316,295200,245
11316,298800,46
11316,302400,209
11316,306000,563
11316,309600,348
11316,313200,7
11316,316800,174
11316,320400,2
11316,324000,23
11316,327600,357
11316,331200,48
11316,334800,28
11316,338400,140
11316,342000,82
11316,345600,137
11316,349200,85
11316,352800,278
11316,356400,312
11316,360000,772
11316,363600,130
11316,367200,59
11316,370800,833
11316,374400,506
11316,378000,86
11316,381600,172
11316,385200,51
11316,388800,206
11316,392400,324
11316,396000,498
11316,399600,511
11316,403200,0
11316,406800,2
11316,410400,699
11316,414000,3
11316,417600,180
11316,421200,0
11316,424800,145
11316,428400,5
11316,432000,74
11316,435600,57
11316,439200,183
11316,442800,252
11316,446400,980
11316,450000,711
11316,453600,228
11316,457200,540
11316,460800,344
11316,464400,103
11316,468000,162
11316,471600,11
11316,475200,92
11316,478800,509
11316,482400,823
11316,486000,28
11316,489600,163
11316,493200,8
11316,496800,108
11316,500400,0
11316,504000,151
11316,507600,8
11316,511200,6
11316,514800,34
11316,518400,18
11316,522000,82
11316,525600,472
11316,529200,535
11316,532800,163
11316,536400,175
11316,540000,33
11316,543600,669
11316,547200,535
11316,550800,178
11316,554400,69
11316,558000,28
11316,561600,223
11316,565200,360
11316,568800,285
11316,572400,520
11316,576000,66
11316,579600,139
11316,583200,479
11316,586800,27
11316,590400,39
11316,594000,77
11316,597600,42
11316,601200,9
11316,604800,132
11316,608400,68
11316,612000,371
11316,615600,300
11316,619200,740
11316,622800,798
11316,626400,121
11316,630000,138
11316,633600,570
11316,637200,116
11316,640800,536
11316,644400,262
11316,648000,169
11316,651600,495
11316,655200,349
11316,658800,305
11316,662400,38
11316,666000,9
11316,669600,0
11316,673200,177
11316,676800,27
11316,680400,2
11316,684000,40
11316,687600,2
11316,691200,12
11316,694800,173
11316,698400,254
11316,702000,440
11316,705600,434
11316,709200,131
11316,712800,835
11316,716400,776
11316,720000,412
11316,723600,73
11316,727200,142
11316,730800,100
11316,734400,150
11316,738000,572
11316,741600,777
11316,745200,297
11316,748800,169
11316,752400,21
11316,756000,242
11316,759600,1
11316,763200,2
11316,766800,13
11316,770400,1
11316,774000,70
11316,777600,33
11316,781200,73
11316,784800,319
11316,788400,425
11316,792000,88
11316,795600,420
11316,799200,505
11316,802800,82
11316,806400,1240
11316,810000,353
11316,813600,286
11316,817200,206
11316,820800,271
11316,824400,399
11316,828000,395
11316,831600,384
11316,835200,22
11316,838800,7
11316,842400,227
11316,846000,0
11316,849600,0
11316,853200,0
11316,856800,62
11316,860400,6
11316,864000,49
11317,3600,50
11317,7200,82
11317,10800,117
11317,14400,609
11317,18000,334
11317,21600,438
11317,25200,455
11317,28800,440
11317,32400,520
11317,36000,245
11317,39600,872
11317,43200,343
11317,46800,785
11317,50400,540
11317,54000,762
11317,57600,19
11317,61200,62
11317,64800,102
11317,68400,22
11317,72000,190
11317,75600,0
11317,79200,268
11317,82800,57
11317,86400,0
11317,90000,152
11317,93600,0
11317,97200,121
11317,100800,369
11317,104400,314
11317,108000,387
11317,111600,622
11317,115200,308
11317,118800,1285
11317,122400,155
11317,126000,30
11317,129600,1182
11317,133200,756
11317,136800,221
11317,140400,724
11317,144000,85
11317,147600,360
11317,151200,38
11317,154800,150
11317,158400,81
11317,162000,6
11317,165600,55
11317,169200,10
11317,172800,371
11317,176400,0
11317,180000,14
11317,183600,120
11317,187200,666
11317,190800,472
11317,194400,499
11317,198000,297
11317,201600,475
11317,205200,518
11317,208800,755
11317,212400,340
11317,216000,207
11317,219600,1228
11317,223200,354
11317,226800,448
11317,230400,75
11317,234000,41
11317,237600,43
11317,241200,236
11317,244800,0
11317,248400,6
11317,252000,42
11317,255600,2
11317,259200,278
11317,262800,79
11317,266400,2
11317,270000,111
11317,273600,694
11317,277200,343
11317,280800,575
11317,284400,330
11317,288000,809
11317,291600,265
11317,295200,1262
11317,298800,187
11317,302400,423
11317,306000,935
11317,309600,265
11317,313200,92
11317,316800,338
11317,320400,203
11317,324000,38
11317,327600,60
11317,331200,25
11317,334800,8
11317,338400,356
11317,342000,19
11317,345600,264
11317,349200,20
11317,352800,125
11317,356400,58
11317,360000,535
11317,363600,309
11317,367200,969
11317,370800,85
11317,374400,159
11317,378000,820
11317,381600,223
11317,385200,198
11317,388800,437
11317,392400,358
11317,396000,318
11317,399600,106
11317,403200,9
11317,406800,26
11317,410400,506
11317,414000,2
11317,417600,11
11317,421200,320
11317,424800,3
11317,428400,8
11317,432000,4
11317,435600,78
11317,439200,20
11317,442800,316
11317,446400,556
11317,450000,548
11317,453600,200
11317,457200,474
11317,460800,295
11317,464400,1354
11317,468000,66
11317,471600,115
11317,475200,519
11317,478800,591
11317,482400,353
11317,486000,231
11317,489600,38
11317,493200,307
11317,496800,46
11317,500400,2
11317,504000,4
11317,507600,65
11317,511200,41
11317,514800,9
11317,518400,26
11317,522000,1
11317,525600,41
11317,529200,407
11317,532800,316
11317,536400,482
11317,540000,209
11317,543600,849
11317,547200,65
11317,550800,411
11317,554400,132
11317,558000,150
11317,561600,519
11317,565200,269
11317,568800,651
11317,572400,374
11317,576000,255
11317,579600,44
11317,583200,178
11317,586800,10
11317,590400,44
11317,594000,93
11317,597600,0
11317,601200,28
11317,604800,171
11317,608400,6
11317,612000,12
11317,615600,184
11317,619200,537
11317,622800,590
11317,626400,473
11317,630000,417
11317,633600,559
11317,637200,376
11317,640800,378
11317,644400,415
11317,648000,242
11317,651600,366
11317,655200,271
11317,658800,102
11317,662400,31
11317,666000,8
11317,669600,113
11317,673200,2
11317,676800,56
11317,680400,10
11317,684000,33
11317,687600,0
11317,691200,185
11317,694800,0
11317,698400,30
11317,702000,403
11317,705600,388
11317,709200,588
11317,712800,451
11317,716400,115
11317,720000,295
11317,723600,985
11317,727200,115
11317,730800,214
11317,734400,118
11317,738000,553
11317,741600,142
11317,745200,562
11317,748800,2
11317,752400,144
11317,756000,3
11317,759600,5
11317,763200,9
11317,766800,1
11317,770400,642
11317,774000,36
11317,777600,30
11317,781200,48
11317,784800,4
11317,788400,377
11317,792000,477
11317,795600,126
11317,799200,907
11317,802800,52
11317,806400,676
11317,810000,382
11317,813600,261
11317,817200,256
11317,820800,401
11317,824400,144
11317,828000,282
11317,831600,122
11317,835200,78
11317,838800,98
11317,842400,45
11317,846000,0
11317,849600,13
11317,853200,391
11317,856800,2
11317,860400,0
11317,864000,0
11342,3600,21
11342,7200,178
11342,10800,185
11342,14400,426
11342,18000,1004
11342,21600,572
11342,25200,365
11342,28800,555
11342,32400,838
11342,36000,41
11342,39600,631
11342,43200,627
11342,46800,114
11342,50400,304
11342,54000,3
11342,57600,71
11342,61200,344
11342,64800,22
11342,68400,192
11342,72000,171
11342,75600,92
11342,79200,70
11342,82800,38
11342,86400,344
11342,90000,31
11342,93600,170
11342,97200,582
11342,100800,710
11342,104400,181
11342,108000,448
11342,111600,1066
11342,115200,389
11342,118800,865
11342,122400,129
11342,126000,506
11342,129600,105
11342,133200,689
11342,136800,308
11342,140400,535
11342,144000,0
11342,147600,27
11342,151200,268
11342,154800,136
11342,158400,70
11342,162000,1
11342,165600,125
11342,169200,8
11342,172800,15
11342,176400,45
11342,180000,230
11342,183600,208
11342,187200,764
11342,190800,838
11342,194400,187
11342,198000,636
11342,201600,840
11342,205200,337
11342,208800,387
11342,212400,554
11342,216000,75
11342,219600,631
11342,223200,471
11342,226800,30
11342,230400,28
11342,234000,683
11342,237600,0
11342,241200,438
11342,244800,128
11342,248400,49
11342,252000,29
11342,255600,27
11342,259200,275
11342,262800,38
11342,266400,63
11342,270000,789
11342,273600,185
11342,277200,710
11342,280800,125
11342,284400,769
11342,288000,222
11342,291600,619
11342,295200,312
11342,298800,285
11342,302400,552
11342,306000,489
11342,309600,394
11342,313200,0
11342,316800,230
11342,320400,765
11342,324000,71
11342,327600,0
11342,331200,211
11342,334800,23
11342,338400,26
11342,342000,22
11342,345600,35
11342,349200,205
11342,352800,216
11342,356400,805
11342,360000,101
11342,363600,1062
11342,367200,135
11342,370800,1087
11342,374400,82
11342,378000,885
11342,381600,50
11342,385200,282
11342,388800,691
11342,392400,535
11342,396000,300
11342,399600,309
11342,403200,1
11342,406800,27
11342,410400,250
11342,414000,0
11342,417600,118
11342,421200,54
11342,424800,62
11342,428400,277
11342,432000,26
11342,435600,48
11342,439200,32
11342,442800,1016
11342,446400,716
11342,450000,48
11342,453600,589
11342,457200,370
11342,460800,327
11342,464400,525
11342,468000,20
11342,471600,416
11342,475200,125
11342,478800,171
11342,482400,636
11342,486000,661
11342,489600,0
11342,493200,80
11342,496800,22
11342,500400,45
11342,504000,365
11342,507600,154
11342,511200,0
11342,514800,23
11342,518400,82
11342,522000,10
11342,525600,108
11342,529200,465
11342,532800,748
11342,536400,132
11342,540000,930
11342,543600,216
11342,547200,487
11342,550800,207
11342,554400,615
11342,558000,219
11342,561600,442
11342,565200,414
11342,568800,538
11342,572400,41
11342,576000,6
11342,579600,0
11342,583200,792
11342,586800,0
11342,590400,40
11342,594000,22
11342,597600,148
11342,601200,14
11342,604800,142
11342,608400,179
11342,612000,591
11342,615600,298
11342,619200,878
11342,622800,169
11342,626400,725
11342,630000,123
11342,633600,679
11342,637200,49
11342,640800,26
11342,644400,752
11342,648000,2
11342,651600,517
11342,655200,139
11342,658800,699
11342,662400,388
11342,666000,4
11342,669600,103
11342,673200,4
11342,676800,60
11342,680400,0
11342,684000,384
11342,687600,2
11342,691200,1
11342,694800,198
11342,698400,257
11342,702000,562
11342,705600,845
11342,709200,58
11342,712800,923
11342,716400,381
11342,720000,624
11342,723600,198
11342,727200,474
11342,730800,245
11342,734400,327
11342,738000,374
11342,741600,240
11342,745200,388
11342,748800,124
11342,752400,65
11342,756000,40
11342,759600,943
11342,763200,25
11342,766800,16
11342,770400,65
11342,774000,95
11342,777600,181
11342,781200,303
11342,784800,337
11342,788400,454
11342,792000,630
11342,795600,313
11342,799200,723
11342,802800,341
11342,806400,394
11342,810000,445
11342,813600,172
11342,817200,85
11342,820800,636
11342,824400,251
11342,828000,210
11342,831600,166
11342,835200,12
11342,838800,44
11342,842400,322
11342,846000,395
11342,849600,0
11342,853200,56
11342,856800,42
11342,860400,0
11342,864000,0
11343,3600,163
11343,7200,70
11343,10800,1023
11343,14400,896
11343,18000,272
11343,21600,311
11343,25200,692
11343,28800,809
11343,32400,83
11343,36000,970
11343,39600,481
11343,43200,203
11343,46800,922
11343,50400,200
11343,54000,49
11343,57600,423
11343,61200,43
11343,64800,11
11343,68400,128
11343,72000,113
11343,75600,56
11343,79200,44
11343,82800,24
11343,86400,199
11343,90000,18
11343,93600,120
11343,97200,1350
11343,100800,1133
11343,104400,590
11343,108000,92
11343,111600,345
11343,115200,834
11343,118800,273
11343,122400,60
11343,126000,169
11343,129600,957
11343,133200,219
11343,136800,43
11343,140400,1037
11343,144000,211
11343,147600,79
11343,151200,141
11343,154800,295
11343,158400,40
11343,162000,111
11343,165600,70
11343,169200,47
11343,172800,246
11343,176400,96
11343,180000,136
11343,183600,1320
11343,187200,148
11343,190800,351
11343,194400,404
11343,198000,620
11343,201600,277
11343,205200,968
11343,208800,909
11343,212400,158
11343,216000,376
11343,219600,683
11343,223200,68
11343,226800,187
11343,230400,25
11343,234000,182
11343,237600,667
11343,241200,86
11343,244800,98
11343,248400,2
11343,252000,26
11343,255600,84
11343,259200,58
11343,262800,48
11343,266400,644
11343,270000,990
11343,273600,516
11343,277200,233
11343,280800,106
11343,284400,796
11343,288000,557
11343,291600,112
11343,295200,69
11343,298800,461
11343,302400,62
11343,306000,707
11343,309600,997
11343,313200,351
11343,316800,219
11343,320400,191
11343,324000,6
11343,327600,6
11343,331200,46
11343,334800,22
11343,338400,629
11343,342000,0
11343,345600,2
11343,349200,54
11343,352800,968
11343,356400,579
11343,360000,83
11343,363600,747
11343,367200,821
11343,370800,118
11343,374400,525
11343,378000,722
11343,381600,467
11343,385200,112
11343,388800,351
11343,392400,306
11343,396000,283
11343,399600,462
11343,403200,436
11343,406800,359
11343,410400,24
11343,414000,88
11343,417600,0
11343,421200,6
11343,424800,22
11343,428400,9
11343,432000,356
11343,435600,29
11343,439200,988
11343,442800,460
11343,446400,335
11343,450000,235
11343,453600,809
11343,457200,182
11343,460800,694
11343,464400,166
11343,468000,203
11343,471600,314
11343,475200,458
11343,478800,164
11343,482400,474
11343,486000,314
11343,489600,194
11343,493200,58
11343,496800,50
11343,500400,45
11343,504000,30
11343,507600,86
11343,511200,388
11343,514800,48
11343,518400,34
11343,522000,33
11343,525600,1196
11343,529200,461
11343,532800,256
11343,536400,280
11343,540000,1303
11343,543600,115
11343,547200,382
11343,550800,52
11343,554400,559
11343,558000,58
11343,561600,295
11343,565200,1182
11343,568800,131
11343,572400,140
11343,576000,59
11343,579600,53
11343,583200,368
11343,586800,0
11343,590400,2
11343,594000,20
11343,597600,28
11343,601200,175
11343,604800,15
11343,608400,395
11343,612000,771
11343,615600,60
11343,619200,475
11343,622800,258
11343,626400,947
11343,630000,157
11343,633600,35
11343,637200,77
11343,640800,70
11343,644400,29
11343,648000,606
11343,651600,459
11343,655200,33
11343,658800,869
11343,662400,852
11343,666000,218
11343,669600,60
11343,673200,27
11343,676800,46
11343,680400,10
11343,684000,42
11343,687600,199
11343,691200,139
11343,694800,485
11343,698400,820
11343,702000,76
11343,705600,413
11343,709200,684
11343,712800,396
11343,716400,1039
11343,720000,394
11343,723600,68
11343,727200,221
11343,730800,460
11343,734400,174
11343,738000,406
11343,741600,970
11343,745200,69
11343,748800,47
11343,752400,271
11343,756000,12
11343,759600,86
11343,763200,14
11343,766800,9
11343,770400,454
11343,774000,4
11343,777600,71
11343,781200,726
11343,784800,258
11343,788400,54
11343,792000,589
11343,795600,173
11343,799200,21
11343,802800,878
11343,806400,1197
11343,810000,233
11343,813600,2
11343,817200,12
11343,820800,144
11343,824400,100
11343,828000,1068
11343,831600,224
11343,835200,32
11343,838800,37
11343,842400,0
11343,846000,96
11343,849600,86
11343,853200,2
11343,856800,19
11343,860400,30
11343,864000,28
